-- FASE 1: CRIAR O BANCO DE DADOS (SCHEMA OU DATABASE):
CREATE SCHEMA IF NOT EXISTS EC1_CC1N;

-- FASE 2: SELECIONAR O NOVO SCHEMA OU DATABASE PARA USO:
USE EC1_CC1N;

-- FASE 3: CRIANDO AS TABELAS SEM CHAVES ESTRANGEIRAS

-- CRIANDO A TABELA FORNECEDORES
CREATE TABLE IF NOT EXISTS FORNECEDORES(
    FORNEC_COD INT PRIMARY KEY,
    FORNEC_NOME VARCHAR(45) NOT NULL,
    FORNEC_RUA VARCHAR(45) NOT NULL,
    FORNEC_NUMRUA INT,
    FORNEC_BAIRRO VARCHAR(45) NOT NULL,
    FORNEC_CIDADE VARCHAR(45) NOT NULL,
    FORNEC_ESTADO VARCHAR(45) NOT NULL,
    FORNEC_PAIS VARCHAR(30) NOT NULL,
    FORNEC_CODPOSTAL VARCHAR(10) NOT NULL,
    FORNEC_TELEFONE VARCHAR(15) NOT NULL,
    FORNEC_CONTATO TEXT NOT NULL
);

-- CRIANDO A TABELA FILIAIS
CREATE TABLE IF NOT EXISTS FILIAIS(
    FILIAL_COD INT PRIMARY KEY,
    FILIAL_NOME VARCHAR(45) NOT NULL,
    FILIAL_RUA VARCHAR(100) NOT NULL,
    FILIAL_NUMRUA INT,
    FILIAL_BAIRRO VARCHAR(50) NOT NULL,
    FILIAL_CIDADE VARCHAR(50) NOT NULL,
    FILIAL_ESTADO VARCHAR(50) NOT NULL,
    FILIAL_PAIS VARCHAR(50) NOT NULL,
    FILIAL_CODPOSTAL VARCHAR(10) NOT NULL,
    FILIAL_CAPACIDADE TEXT NOT NULL
);

-- CRIANDO A TABELA PRODUTOS
CREATE TABLE IF NOT EXISTS PRODUTOS(
    PROD_COD INT PRIMARY KEY,
    PROD_NOME VARCHAR(50) NOT NULL,
    PROD_DESCRICAO TEXT NOT NULL,
    PROD_ESPECTEC TEXT NOT NULL,
    PROD_QUANT DECIMAL(10,3) NOT NULL,
    PROD_PRECOUNIT DECIMAL(10,2) NOT NULL,
    PROD_UNIDMEDIDA VARCHAR(10) NOT NULL,
    PROD_ESTOQ_MIN DECIMAL(10,3) NOT NULL
);

-- FASE 4: CRIAR AS TABELAS COM DEPENDÊNCIA DE CHAVE ESTRANGEIRA

-- CRIANDO A TABELA PEDIDOS
CREATE TABLE IF NOT EXISTS PEDIDOS(
    PED_CODIGO INT PRIMARY KEY,
    PED_DATA DATE NOT NULL,
    PED_HORA TIME NOT NULL,
    PED_PREVISAO DATE NOT NULL,
    PED_STATUS ENUM('PENDENTE','CONCLUÍDO','EM ESPERA'),
    PED_FORNECEDOR INT NOT NULL,
    CONSTRAINT FK_FORNECEDOR FOREIGN KEY (PED_FORNECEDOR)
    REFERENCES FORNECEDORES(FORNEC_COD)
);

-- CRIANDO A TABELA RECEBIMENTOS
CREATE TABLE IF NOT EXISTS RECEBIMENTOS(
    RECEB_DATA DATE NOT NULL,
    RECEB_HORA TIME NOT NULL,
    RECEB_QUANT_PROD DECIMAL(10,3),
    RECEB_CONDICAO TEXT NOT NULL,
    RECEB_PEDIDOS INT PRIMARY KEY,
    CONSTRAINT FK_PEDIDOS FOREIGN KEY(RECEB_PEDIDOS)
    REFERENCES PEDIDOS(PED_CODIGO)
);

-- CRIANDO A TABELA PEDIDOS_PRODUTOS
CREATE TABLE IF NOT EXISTS PEDIDOS_PRODUTOS(
    PDPR_PEDIDOS INT,
    PDPR_PRODUTOS INT,
    PRIMARY KEY(PDPR_PEDIDOS,PDPR_PRODUTOS),
    PDPR_QUANT DECIMAL(10,3) NOT NULL,
    CONSTRAINT PDPR_FK_PEDIDOS FOREIGN KEY(PDPR_PEDIDOS)
    REFERENCES PEDIDOS(PED_CODIGO),
    CONSTRAINT PDPR_FK_PRODUTOS FOREIGN KEY(PDPR_PRODUTOS)
    REFERENCES PRODUTOS(PROD_COD)
);

-- CRIANDO A TABELA FILIAIS_PRODUTOS
CREATE TABLE IF NOT EXISTS FILIAIS_PRODUTOS(
    FLPR_FILIAL INT,
    FLPR_PRODUTOS INT,
    PRIMARY KEY(FLPR_FILIAL,FLPR_PRODUTOS),
    FLPR_QUANT DECIMAL(10,3) NOT NULL,
    CONSTRAINT FLPR_FK_FILIAIS FOREIGN KEY(FLPR_FILIAL)
    REFERENCES FILIAIS(FILIAL_COD),
    CONSTRAINT FLPR_FK_PRODUTOS FOREIGN KEY(FLPR_PRODUTOS)
    REFERENCES PRODUTOS(PROD_COD)
);

-- CRIANDO A TABELA FORNECEDORES_PRODUTOS
CREATE TABLE IF NOT EXISTS FORNECEDORES_PRODUTOS(
    FRPR_FORNECEDOR INT,
    FRPR_PRODUTOS INT,
    PRIMARY KEY(FRPR_FORNECEDOR,FRPR_PRODUTOS),
    CONSTRAINT FRPR_FK_FORNECEDORES FOREIGN KEY(FRPR_FORNECEDOR)
    REFERENCES FORNECEDORES(FORNEC_COD),
    CONSTRAINT FRPR_FK_PRODUTOS FOREIGN KEY(FRPR_PRODUTOS)
    REFERENCES PRODUTOS(PROD_COD)
);

-- INSERINDO VALORES NAS TABELAS

-- FORNECEDORES
INSERT INTO FORNECEDORES(FORNEC_COD, FORNEC_NOME, FORNEC_RUA, FORNEC_NUMRUA, FORNEC_BAIRRO, FORNEC_CIDADE, FORNEC_ESTADO, FORNEC_PAIS, FORNEC_CODPOSTAL, FORNEC_TELEFONE, FORNEC_CONTATO) VALUES
(1, 'Fornecedor A', 'Rua A', 123, 'Bairro A', 'Cidade A', 'Estado A', 'Brasil', '12345-678', '1234-5678', 'Contato A'),
(2, 'Fornecedor B', 'Rua B', 456, 'Bairro B', 'Cidade B', 'Estado B', 'Brasil', '23456-789', '2345-6789', 'Contato B'),
(3, 'Fornecedor C', 'Rua C', 789, 'Bairro C', 'Cidade C', 'Estado C', 'Brasil', '34567-890', '3456-7890', 'Contato C');

-- FILIAIS
INSERT INTO FILIAIS(FILIAL_COD, FILIAL_NOME, FILIAL_RUA, FILIAL_NUMRUA, FILIAL_BAIRRO, FILIAL_CIDADE, FILIAL_ESTADO, FILIAL_PAIS, FILIAL_CODPOSTAL, FILIAL_CAPACIDADE) VALUES
(1, 'Filial A', 'Av. A', 101, 'Bairro A', 'Cidade A', 'Estado A', 'Brasil', '45678-901', '100 pessoas'),
(2, 'Filial B', 'Av. B', 202, 'Bairro B', 'Cidade B', 'Estado B', 'Brasil', '56789-012', '150 pessoas'),
(3, 'Filial C', 'Av. C', 303, 'Bairro C', 'Cidade C', 'Estado C', 'Brasil', '67890-123', '200 pessoas');

-- PRODUTOS
INSERT INTO PRODUTOS(PROD_COD, PROD_NOME, PROD_DESCRICAO, PROD_ESPECTEC, PROD_QUANT, PROD_PRECOUNIT, PROD_UNIDMEDIDA, PROD_ESTOQ_MIN) VALUES
(1, 'Produto A', 'Descrição A', 'Especificação A', 100.000, 10.00, 'UN', 10.000),
(2, 'Produto B', 'Descrição B', 'Especificação B', 50.000, 20.00, 'UN', 5.000),
(3, 'Produto C', 'Descrição C', 'Especificação C', 75.000, 30.00, 'UN', 7.500);

-- PEDIDOS
INSERT INTO PEDIDOS(PED_CODIGO, PED_DATA, PED_HORA, PED_PREVISAO, PED_STATUS, PED_FORNECEDOR) VALUES
(1, '2024-11-01', '10:00:00', '2024-11-05', 'PENDENTE', 1),
(2, '2024-11-02', '11:00:00', '2024-11-06', 'CONCLUÍDO', 2),
(3, '2024-11-03', '12:00:00', '2024-11-07', 'EM ESPERA', 3);

-- RECEBIMENTOS
INSERT INTO RECEBIMENTOS(RECEB_DATA, RECEB_HORA, RECEB_QUANT_PROD, RECEB_CONDICAO, RECEB_PEDIDOS) VALUES
('2024-11-02', '14:00:00', 100.000, 'Recebido', 1),
('2024-11-03', '15:00:00', 150.000, 'Recebido', 2),
('2024-11-04', '16:00:00', 75.000, 'Aguardando', 3);

-- PEDIDOS_PRODUTOS
INSERT INTO PEDIDOS_PRODUTOS(PDPR_PEDIDOS, PDPR_PRODUTOS, PDPR_QUANT) VALUES
(1, 1, 50.000),
(1, 2, 25.000),
(2, 3, 30.000),
(3, 1, 15.000);

-- FILIAIS_PRODUTOS
INSERT INTO FILIAIS_PRODUTOS(FLPR_FILIAL, FLPR_PRODUTOS, FLPR_QUANT) VALUES
(1, 1, 20.000),
(2, 2, 30.000),
(3, 3, 40.000);

-- FORNECEDORES_PRODUTOS
INSERT INTO FORNECEDORES_PRODUTOS(FRPR_FORNECEDOR, FRPR_PRODUTOS) VALUES
(1, 1),
(2, 2),
(3, 3);

-- FASE 5: ATUALIZANDO DADOS NAS TABELAS

-- UPDATE PARA A TABELA FORNECEDORES
UPDATE FORNECEDORES
SET FORNEC_TELEFONE = '9876-5432'
WHERE FORNEC_COD = 1;

-- UPDATE PARA A TABELA FILIAIS
UPDATE FILIAIS
SET FILIAL_CAPACIDADE = '120 pessoas'
WHERE FILIAL_COD = 1;

-- UPDATE PARA A TABELA PRODUTOS
UPDATE PRODUTOS
SET PROD_PRECOUNIT = 15.00
WHERE PROD_COD = 1;

-- UPDATE PARA A TABELA PEDIDOS
UPDATE PEDIDOS
SET PED_STATUS = 'CONCLUÍDO'
WHERE PED_CODIGO = 2;

-- UPDATE PARA A TABELA RECEBIMENTOS
UPDATE RECEBIMENTOS
SET RECEB_CONDICAO = 'Recebido'
WHERE RECEB_PEDIDOS = 1;

-- UPDATE PARA A TABELA PEDIDOS_PRODUTOS
UPDATE PEDIDOS_PRODUTOS
SET PDPR_QUANT = 60.000
WHERE PDPR_PEDIDOS = 1 AND PDPR_PRODUTOS = 1;

-- UPDATE PARA A TABELA FILIAIS_PRODUTOS
UPDATE FILIAIS_PRODUTOS
SET FLPR_QUANT = 25.000
WHERE FLPR_FILIAL = 1 AND FLPR_PRODUTOS = 1;

-- UPDATE PARA A TABELA FORNECEDORES_PRODUTOS
UPDATE FORNECEDORES_PRODUTOS
SET FRPR_FORNECEDOR = 2
WHERE FRPR_FORNECEDOR = 1 AND FRPR_PRODUTOS = 1;

-- FASE 6: EXCLUINDO DADOS NAS TABELAS

-- DELETE PARA A TABELA FORNECEDORES
DELETE FROM FORNECEDORES
WHERE FORNEC_COD = 3;

-- DELETE PARA A TABELA FILIAIS
DELETE FROM FILIAIS
WHERE FILIAL_COD = 3;

-- DELETE PARA A TABELA PRODUTOS
DELETE FROM PRODUTOS
WHERE PROD_COD = 3;

-- DELETE PARA A TABELA PEDIDOS
DELETE FROM PEDIDOS
WHERE PED_CODIGO = 3;

-- DELETE PARA A TABELA RECEBIMENTOS
DELETE FROM RECEBIMENTOS
WHERE RECEB_PEDIDOS = 2;

-- DELETE PARA A TABELA PEDIDOS_PRODUTOS
DELETE FROM PEDIDOS_PRODUTOS
WHERE PDPR_PEDIDOS = 2 AND PDPR_PRODUTOS = 2;

-- DELETE PARA A TABELA FILIAIS_PRODUTOS
DELETE FROM FILIAIS_PRODUTOS
WHERE FLPR_FILIAL = 2 AND FLPR_PRODUTOS = 2;

-- DELETE PARA A TABELA FORNECEDORES_PRODUTOS
DELETE FROM FORNECEDORES_PRODUTOS
WHERE FRPR_FORNECEDOR = 3 AND FRPR_PRODUTOS = 3;
